I001,S001
I001,S024
I001,S002
I002,S003
I003,S004
I004,S002
I005,S005
I005,S006
I005,S026
I005,S008
I005,S027
I006,S007
I007,S028
I008,S006
I008,S026
I008,S008
I008,S027
I009,S010
I010,S011
I010,S029
I010,S030
I010,S031
I011,S032
I012,S012
I013,S013
I015,S014
I016,S003
I017,S014
I019,S025
I021,S001
I021,S004
I022,S001
I022,S004
I023,S004
I024,S016
I025,S017
I026,S018
I027,S019
I030,S020
I032,S021
I033,S022
I034,S023
I035,S033
I036,S034
I037,S035
I037,S036
I038,S037
I038,S038
I031,S039
I031,S040
I031,S041
